URL,Category,Region,Desktop Exit Button?,Mobile Exit button?,Keyboard shortcut type,Shortcut keys,Mobile shortcut?,explainer text?,Safe browsing url,Comments
https://www.womensaid.org.uk/,Domestic Abuse,UK,Redirect,,,,,,,HOW DO DIFFERENT BRANCHES OF WOMENS AID HAVE SO MANY VARIATIONS
http://www.berkshirewomensaid.org.uk/,Domestic Abuse,UK,Redirect,Redirect,,,,,,
https://fifewomensaid.org.uk/,Domestic Abuse,UK,Redirect,Redirect,,,,,,
https://www.jwa.org.uk/,Domestic Abuse,UK,Redirect,Redirect,,,,,,
https://junowomensaid.org.uk/,Domestic Abuse,UK,Redirect,Redirect,,,,,,
https://www.womensaid.ie/,Domestic Abuse,Ireland,Redirect+new tab,Redirect+new tab,,,,,https://www.womensaid.ie/help/digitalabuse/browsing.html,
https://www.welshwomensaid.org.uk/,Domestic Abuse,UK,Redirect,Redirect,,,,,,Also has a hide button which changes some parts of the website to be less suspicious; not the entire thing
https://www.domesticabusehelpline.co.uk/,Domestic Abuse,UK,Redirect,Redirect,,,,,https://www.domesticabusehelpline.co.uk/stay-safe/,
https://www.hertsdomesticabusehelpline.org/,Domestic Abuse,UK,Redirect,Redirect,,,,,,
https://bswaid.org/,Domestic Abuse,UK,window.location writer,window.location writer,,,,,,
https://www.refuge.org.uk/,Domestic Abuse,UK,Redirect,Redirect,,,,,,
https://www.nationaldahelpline.org.uk/,Domestic Abuse,UK,Unique,Unique,,,,,,Opens google in new tab then enters redirect loop in previous one.
https://www.mankind.org.uk/,Domestic Abuse,UK,Redirect,,,,,,,
https://galop.org.uk/,Domestic Abuse,UK,Redirect,Redirect,Redirect,esc,,,,ESC key functions differently to button
https://www.ncdv.org.uk/,Domestic Abuse,UK,,,,,,,,
https://rightsofwomen.org.uk/,Domestic Abuse,UK,Redirect,Redirect,,,,,,Small and hard to spot
https://www.solacewomensaid.org/,Domestic Abuse,UK,Redirect,Redirect,,,,,https://www.solacewomensaid.org/get-help/staying-safe,
https://thedashcharity.org.uk/,Domestic Abuse,UK,Redirect,Redirect,,,,,,Button is very thin on mobile
https://www.saferplaces.co.uk/,Domestic Abuse,UK,Redirect,Redirect,,,,,https://www.saferplaces.co.uk/browse-safely,
http://www.ashianasheffield.org/,Domestic Abuse,UK,Redirect,Redirect,,,,,,
https://www.roshnibirmingham.org.uk/,Domestic Abuse,UK,Redirect,Redirect,,,,,,
https://incite-national.org/,Domestic Abuse,USA,,,,,,,,
https://esperanzaunited.org/en/,Domestic Abuse,USA,Redirect,Redirect,,,,On-load Pop-up,,States they have a keyboard shortcut (ESCx2) but it doesn't work
https://www.nwnetwork.org/,Domestic Abuse,USA,,,,,,,,
https://www.safehorizon.org/,Domestic Abuse,USA,window.location writer,window.location writer,,,,,,Button is in a tab on side of screen which has to animate open before clicking - usabiity issue
https://theinitiativecolorado.org/,Domestic Abuse,USA,Redirect,Redirect,,,,On-load Pop-up,https://nnedv.org/content/internet-computer-safety/,
https://www.udvc.org/,Domestic Abuse,USA,Redirect,,,,,,,Sticky version text not visible on mobile
https://womensrefuge.org.nz/,Domestic Abuse,New Zealand,Redirect,Redirect,,,,,https://womensrefuge.org.nz/hide-my-visit/,Requires 2 clicks on mobile
https://sosviolenceconjugale.ca/en,Domestic Abuse,Canada,Redirect,,,,,Clickable Pop-up,,
https://www.ywcanwt.ca/,Domestic Abuse,Canada,,,,,,,,
https://www.1800respect.org.au/,Domestic Abuse,Australia,Redirect,Redirect,,,,On-load Pop-up,https://www.1800respect.org.au/help-and-support/technology-and-safety/general_online_safety,Hard to spot either the safety page or the button on desktop. Safety text is a pop-up on mobile only; separate page otherwise
https://dvrcv.org.au/,Domestic Abuse,Australia,Redirect,,,,,,,
https://www.dvconnect.org/,Domestic Abuse,Australia,Redirect,Redirect,,,,,,Button not visible on first load (requires scroll)
https://dvcs.org.au/,Domestic Abuse,Australia,Redirect,Redirect,,,,,,
https://www.techsafety.org/,Domestic Abuse,USA,Redirect,Redirect,,,,On-page text,https://www.techsafety.org/exit-from-this-website-quickly,2 clicks on mobile
https://techsafety.org.au/,Domestic Abuse,Australia,Redirect,Redirect,,,,On-page text,https://techsafety.org.au/exit-quickly/,Hyperlinks within a small explainer text; incredibly hard to notice
https://abusedmeninscotland.org/,Domestic Abuse,UK,Write+new tab,Write+new tab,,,,,,2 clicks on mobile
https://www.opoka.org.uk/,Domestic Abuse,UK,window.location writer,Redirect,,,,,,2 clicks on mobile
https://www.saferwales.com/about-us,Domestic Abuse,UK,Redirect,Redirect,,,,,,
https://www.sdafmh.org.uk/en/,Domestic Abuse,UK,Write+new tab,Write+new tab,,,,,,
https://www.theelmfoundation.org.uk/,Domestic Abuse,UK,Redirect,Redirect,,,,,,Has 2 different buttons - one to go to google and one to facebook
https://www.havenrefuge.org.uk/,Domestic Abuse,UK,Write+new tab,Redirect,,,,On-load Pop-up,https://www.havenrefuge.org.uk/staying-safe-online/,"also does redirect spam if pop-ups not blocked, but they are by default. states this in warning message"
https://www.thewishcentre.org/,Domestic Abuse,UK,Redirect,Redirect,,,,,,
https://yourbestfriend.org.uk/,Domestic Abuse,UK,Redirect,Redirect,,,,,,"goes to bbc; on mobile, this opens bbc app, and the browser keeps the page open"
https://enough.campaign.gov.uk/,Domestic Abuse,UK,window.location writer,window.location writer,,,,,,
https://endtab.org/,Domestic Abuse,USA,,,,,,,,
https://www.joinonelove.org/,Domestic Abuse,USA,,,,,,,,
https://www.lookahead.org.uk/,Domestic Abuse,UK,,,,,,,,
https://www.hestia.org/,Domestic Abuse,UK,Redirect,Redirect,,,,,,
https://womanstrust.org.uk/,Domestic Abuse,UK,Redirect,Redirect,,,,On-load Pop-up,,"shows in popup, says it stays in top right but doesn't"
https://www.bright-sky.org.uk/,Domestic Abuse,UK,Redirect,Redirect,,,,,,
https://www.safeireland.ie/,Domestic Abuse,Ireland,Redirect,Redirect,,,,,,Has irish service lookup table
http://www.carlowwomensaid.ie/,Domestic Abuse,Ireland,Redirect,Redirect,,,,,http://www.carlowwomensaid.ie/internethistory.html,
https://tearmann.net/,Domestic Abuse,Ireland,New tab,,,,,,,
https://clarehaven.ie/,Domestic Abuse,Ireland,,,,,,,https://clarehaven.ie/how-to-clear-your-browsing-history/,
https://www.westcorkwomensproject.ie/,Domestic Abuse,Ireland,Redirect,Redirect,,,,,https://www.westcorkwomensproject.ie/be-safe/online-safety,
https://www.osscork.com/,Domestic Abuse,Ireland,Redirect,Redirect,,,,,,
https://cuanleerefuge.org/,Domestic Abuse,Ireland,Redirect,,,,,,,
http://www.goodshepherdcork.ie/,Domestic Abuse,Ireland,,,,,,,,
https://donegalwomenscentre.ie/,Domestic Abuse,Ireland,Redirect,Redirect,,,,,,
https://www.ldvs.org/,Domestic Abuse,Ireland,Redirect,Redirect,,,,,,Redirect site no longer exists
https://www.donegaldomesticviolenceservices.ie/,Domestic Abuse,Ireland,Redirect,,,,,,,
https://sdvs.ie/,Domestic Abuse,Ireland,Redirect,Redirect,,,,,,
https://aoibhneas.ie/,Domestic Abuse,Ireland,Write+new tab,Write+new tab,,,,,,
https://www.domesticviolenceresponse.com/,Domestic Abuse,Ireland,,,,,,,,
https://www.copegalway.ie/,Domestic Abuse,Ireland,,,,,,,,
https://kerryrefuge.com/,Domestic Abuse,Ireland,Redirect,,,,,,http://kerryrefuge.com/safe-browsing/,
http://www.teachtearmainn.ie/,Domestic Abuse,Ireland,Redirect,Redirect,,,,,http://www.teachtearmainn.ie/cover-your-tracks/,
https://domesticviolence.ie/,Domestic Abuse,Ireland,Redirect,,,,,,,only appears on scroll
https://roscommonsafelink.ie/,Domestic Abuse,Ireland,Write+new tab,Write+new tab,,,,,,
https://www.mwss.ie/,Domestic Abuse,Ireland,,,,,,,,
https://www.droghedarefuge.org/,Domestic Abuse,Ireland,Redirect,Redirect,,,,,https://www.droghedarefuge.org/howtohideyourvisit.php,
https://www.lwl.ie/,Domestic Abuse,Ireland,Redirect,Redirect,,,,,,
https://www.safetotalk.nz/,Domestic Abuse,New Zealand,Redirect,Redirect,,,,,https://www.safetotalk.nz/your-digital-safety,Has customisable quick exit link
https://www.2shine.org.nz/,Domestic Abuse,New Zealand,Redirect,,,,,,https://www.2shine.org.nz/hide-my-visit/,
https://www.hewakatapu.org.nz/,Domestic Abuse,New Zealand,,,,,,,,
https://www.areyouok.org.nz/,Domestic Abuse,New Zealand,Unique,Unique,,,,Clickable Pop-up,https://www.areyouok.org.nz/using-this-website-safely/,replaces current page with preloaded covid-19 site before going to it. functionally a redirect.
https://www.kahukura.co.nz/,Domestic Abuse,New Zealand,,,,,,,,
https://www.gandhinivas.nz/,Domestic Abuse,New Zealand,,,,,,,,
https://nnfvs.org.nz/,Domestic Abuse,New Zealand,Redirect,Redirect,,,,,,has two different buttons which function the same
https://www.avivafamilies.org.nz/,Domestic Abuse,New Zealand,Redirect,Redirect,,,,,https://www.avivafamilies.org.nz/Hide-my-visit/,
https://www.wellingtonwomensrefuge.co.nz/,Domestic Abuse,New Zealand,,,,,,,https://www.wellingtonwomensrefuge.co.nz/hide-my-visit/,
https://taurangawomensrefuge.co.nz/,Domestic Abuse,New Zealand,Redirect,Redirect,,,,,https://taurangawomensrefuge.co.nz/hide-your-visit/,mobile qeb only shows when scrolling down and partly back up
https://www.abuseprevention.org.nz/,Domestic Abuse,New Zealand,,,,,,,,
http://www.hestiawomensrefuge.co.nz/,Domestic Abuse,New Zealand,,,,,,,,
https://www.nzess.co.nz/,Domestic Abuse,New Zealand,,,,,,,,
http://www.waves.org.nz/,Domestic Abuse,New Zealand,,,,,,,http://www.waves.org.nz/how-to-remove-this-page-from-your-search-history/,
,Domestic Abuse,New Zealand,,,,,,,,
,Domestic Abuse,New Zealand,,,,,,,,
,Domestic Abuse,New Zealand,,,,,,,,
,Domestic Abuse,New Zealand,,,,,,,,
,Domestic Abuse,New Zealand,,,,,,,,
,Domestic Abuse,New Zealand,,,,,,,,
https://rapecrisis.org.uk/,Rape/SA,UK,Redirect,Redirect,,,,,,
https://cambridgerapecrisis.org.uk/,Rape/SA,UK,Redirect,Redirect,,,,,,Needs 2 clicks on mobile
https://cisters.org.uk/,Rape/SA,UK,Redirect,Redirect,,,,,,
https://www.magdalenegroup.org/,Rape/SA,UK,Write+new tab,Write+new tab,,,,,,
http://www.rapecrisisscotland.org.uk/,Rape/SA,UK,Redirect,Redirect,,,,,,Claims to have shortcut but not functional
http://www.macsas.org.uk/,Rape/SA,UK,,,,,,,,
https://www.freeva.org.uk/,Rape/SA,UK,Redirect,Redirect,,,,,https://www.freeva.org.uk/hide-browsing-history/,
https://www.glasgowclyderapecrisis.org.uk/,Rape/SA,UK,window.location writer,Redirect,window.location writer,esc,,,,
https://www.idas.org.uk/,Rape/SA,UK,,,,,,,,
https://lifecentre.uk.com/,Rape/SA,UK,Redirect,Redirect,,,,,https://sgd-digital.uk/lifec/safe-browsing-advice/,
https://www.stopitnow.org.uk/,Rape/SA,UK,Redirect,Redirect,,,,,,
https://dsahelpline.org/,Rape/SA,UK,Redirect,Redirect,,,,,,bad SEO; button only shows on mobile when scrolling
https://www.rasasc.org.uk/,Rape/SA,UK,Redirect,Redirect,,,,,,
https://www.rasasc.org/,Rape/SA,UK,Write+new tab,Redirect,,,,,,Much better mechanism than sister site
https://rsvporg.co.uk/,Rape/SA,UK,Redirect,,,,,,,
https://safeline.org.uk/,Rape/SA,UK,Write+new tab,Write+new tab,Unique,esc,,,,Esc makes the page blank; doesn't change url
https://www.sailderbyshire.org.uk/,Rape/SA,UK,Redirect,,,,,,,
https://www.survive-northyorks.org.uk/,Rape/SA,UK,,,,,,,,
https://www.sarsas.org.uk/,Rape/SA,UK,Redirect,Redirect,,,,,,
https://supportafterrapeleeds.org.uk/,Rape/SA,UK,Redirect,Redirect,,,,,,
https://www.survivorsuk.org/,Rape/SA,UK,Redirect,Redirect,,,,,,
https://www.suzylamplugh.org/,Rape/SA,UK,window.location writer,,,,,,,
https://www.protectionagainststalking.org/,Rape/SA,UK,Redirect,,,,,,,
https://www.drcc.ie/,Rape/SA,Ireland,Redirect+new tab,Redirect+new tab,,,,,,
https://www.thesurvivorstrust.org/,Rape/SA,UK,Redirect,Redirect,,,,,,Exit button hidden by cookie notice
http://trusthousereading.org/,Rape/SA,UK,Redirect,Redirect,,,,,,
https://www.uava.org.uk/,Rape/SA,UK,Redirect,Redirect,,,,,,
https://malesurvivor.co.uk/about-us,Rape/SA,UK,Redirect,Redirect,,,,,,Mobile menu not present on mobile homepage -> no quick exit on homepage
https://sexualabusesupport.campaign.gov.uk/,Rape/SA,UK,,,,,,,,
https://gov.wales/live-fear-free,Rape/SA,UK,Redirect+new tab,Redirect+new tab,,,,,,
https://www.1in6.uk/,Rape/SA,UK,,,,,,,,
https://www.imkaan.org.uk/,Rape/SA,UK,Redirect,Redirect,,,,,,
https://www.supportline.org.uk/,Rape/SA,UK,,,,,,,,
http://www.newpathways.org.uk/,Rape/SA,UK,Redirect+new tab,Redirect+new tab,,,,,,
https://hertsrapecrisis.org.uk/,Rape/SA,UK,Write+new tab,Write+new tab,,,,,,
https://www.forthvalleyrapecrisis.org.uk/,Rape/SA,UK,window.location writer,window.location writer,window.location writer,esc,,,,
https://www.lincolnshirerapecrisis.org.uk/,Rape/SA,UK,Redirect,Redirect,,,,,,
https://www.rapecrisisscotland.org.uk/,Rape/SA,UK,Redirect,Redirect,window.location writer,esc,,,,
https://womenagainstrape.net/,Rape/SA,UK,,,,,,,,
https://www.rcne.com/,Rape/SA,UK,window.location writer,window.location writer,window.location writer,esc,,,,
https://www.sv2.org.uk/,Rape/SA,UK,window.location writer,Redirect,,,,,,
https://www.rasamerseyside.org/,Rape/SA,UK,Redirect,Redirect,,,,,,button is off the side of the screen on mobile
http://www.breaking-the-silence.org.uk/,Rape/SA,UK,,,,,,,,
https://blueskycentre.org.uk/,Rape/SA,UK,Redirect,Redirect,,,,,https://www.refreshyourcache.com/en/home/,
https://www.birchalltrust.org.uk/,Rape/SA,UK,Redirect,,,,,,,
https://www.beechhousesarc.org/,Rape/SA,UK,,,,,,,,Has a button but it doesn't work ;; site went down
https://www.theharbourcentre.co.uk/,Rape/SA,UK,Redirect,Redirect,,,,,,page gets blanked before closing so going back gives a blank page sometimes
https://circlessoutheast.org.uk/,Rape/SA,UK,,,,,,,,
http://www.survivorsalliance.org.uk/,Rape/SA,UK,,,,,,,,
https://www.menandboyscoalition.org.uk/,Rape/SA,UK,,,,,,,,
https://www.the-shores.org.uk/,Rape/SA,UK,Redirect,Redirect,,,,,https://www.refreshyourcache.com/en/home/,same template as blue sky center
https://www.splitz.org/,Rape/SA,UK,Redirect,,,,,,,
https://www.wellbeingscotland.org/,Rape/SA,UK,,,,,,,,
http://survive-abuse.co.uk/,Rape/SA,UK,,,,,,,,
https://www.southmeadproject.org.uk/,Rape/SA,UK,,,,,,,,
https://www.savana.org.uk/,Rape/SA,UK,Redirect,,,,,,,
https://www.choicescounselling.co.uk/,Rape/SA,UK,,,,,,,,
https://www.starsdorset.org/,Rape/SA,UK,Redirect,,,,,,,
https://theyoutrust.org.uk/,Rape/SA,UK,Redirect+new tab,Write+new tab,,,,,,
https://avmksaass.org.uk/,Rape/SA,UK,,,,,,,,
https://www.momentumdevon.org.uk/,Rape/SA,UK,,,,,,,,
https://www.axiscounselling.org.uk/,Rape/SA,UK,Redirect,Redirect,,,,,,
https://www.saturncentre.org/,Rape/SA,UK,Redirect,,,,,,,
https://www.bsarcs.org.uk/,Rape/SA,UK,Redirect,Redirect,,,,,,
https://safelinksupport.co.uk/,Rape/SA,UK,,,,,,,https://safelinksupport.co.uk/protect-yourself/,
https://nottssvss.org.uk/,Rape/SA,UK,Redirect,Redirect,,,,,https://nottssvss.org.uk/hide-your-tracks/,
https://steppingstonesnorthwales.co.uk/,Rape/SA,UK,Redirect,Redirect,,,,,,
https://www.sunderlandcounselling.org.uk/,Rape/SA,UK,Write+new tab,Write+new tab,,,,,,
https://survivorsintransition.co.uk/,Rape/SA,UK,,,Redirect,esc,,,https://survivorsintransition.co.uk/discreet/,
https://www.survivorsmanchester.org.uk/,Rape/SA,UK,Redirect,Redirect,,,,,,
https://survivorswestyorkshire.org.uk/,Rape/SA,UK,Redirect,Redirect,,,,,,
https://www.breakthesilence.org.uk/,Rape/SA,UK,Redirect,Redirect,,,,,,
https://www.firstlight.org.uk/,Rape/SA,UK,Redirect,Redirect,,,,,,covered by cookie notice
https://firststepleicester.org.uk/,Rape/SA,UK,Write+new tab,Write+new tab,,,,,,
http://www.kinergy.org.uk/,Rape/SA,UK,,,,,,,,
http://www.mending-uk.org/,Rape/SA,UK,,,,,,,,
https://the-green-house.org.uk/,Rape/SA,UK,,,,,,,,
https://operationemotion.co.uk/,Rape/SA,UK,,,,,,,,
https://www.thehavens.org.uk/,Rape/SA,UK,Redirect,Redirect,,,,,,
https://niaendingviolence.org.uk/,Rape/SA,UK,Redirect,Redirect,,,,,https://niaendingviolence.org.uk/browse-safely/,initially covered by cookie notice
https://survivorsgateway.london/,Rape/SA,UK,Redirect,Redirect,,,,,,
https://www.safetynetuk.org/,Rape/SA,UK,Redirect,Redirect,,,,,,
https://www.wgn.org.uk/,Rape/SA,UK,Redirect,Redirect,,,,,,
https://www.sexualviolence.ie/,Rape/SA,Ireland,Redirect,Redirect,,,,,https://www.sexualviolence.ie/safety-message,
https://galwayrcc.ie/,Rape/SA,Ireland,Redirect,Redirect,,,,,,
https://rapecrisis.ie/,Rape/SA,Ireland,,,,,,,,
https://www.womensaidni.org/,Rape/SA,Ireland,Redirect,,,,,,,
https://www.rapecrisishelp.ie/,Rape/SA,Ireland,,,,,,,,
https://trcc.ie/,Rape/SA,Ireland,Redirect,Redirect,,,,,https://www.wikihow.com/Delete-History-on-Your-Computer,
https://www.amrcc.ie/,Rape/SA,Ireland,,,,,,,,
https://www.wexfordrapecrisis.com/,Rape/SA,Ireland,,,,,,,,
https://www.oneinfour.ie/,Rape/SA,Ireland,,,,,,,,
https://www.srcc.ie/,Rape/SA,Ireland,,,,,,,,
https://www.rcni.ie/,Rape/SA,Ireland,,,,,,,,
https://www.donegalrapecrisis.ie/,Rape/SA,Ireland,Redirect,Redirect,,,,,,
https://www.krsac.com/,Rape/SA,Ireland,Redirect,Redirect,,,,,,self signed https cert
http://kasa.ie/,Rape/SA,Ireland,Redirect,Redirect,,,,,http://kasa.ie/hide-your-tracks/,
https://www.waterfordrsac.ie/,Rape/SA,Ireland,,,,,,,,
https://rcne.ie/,Rape/SA,Ireland,Redirect,,,,,,,
www.cari.ie,Rape/SA,Ireland,,,,,,,,
https://www.wellingtonhelp.org.nz/,Rape/SA,New Zealand,Redirect,Redirect,,,,,,
https://malesurvivor.nz/,Rape/SA,New Zealand,,,,,,,,
https://www.findsupport.co.nz/,Rape/SA,New Zealand,,,,,,,,
https://www.helpauckland.org.nz/,Rape/SA,New Zealand,Redirect,Redirect,,,,,,
https://www.safenetwork.org.nz/,Rape/SA,New Zealand,,,,,,,,
https://betterblokes.org.nz/,Rape/SA,New Zealand,,,,,,,,
https://www.d2l.org/,Rape/SA,USA,New tab,New tab,,,,,,
,Rape/SA,New Zealand,,,,,,,,
,Rape/SA,,,,,,,,,
,Rape/SA,,,,,,,,,
,Rape/SA,,,,,,,,,
,Rape/SA,,,,,,,,,
,Rape/SA,,,,,,,,,
,,,,,,,,,,
,,,,,,,,,,
,,,,,,,,,,
,,,,,,,,,,
,,,,,,,,,,
,,,,,,,,,,
,,,,,,,,,,
https://www.thetrevorproject.org/,LGTBQ+,USA,,,window.location writer,esc+esc+esc,window.location writer,On-load Pop-up,,No visible button but shortcut explained immediately on startup. also has mobile shortcut!
https://www.lgbt.foundation/,LGTBQ+,UK,Redirect,,,,,,,
https://thekitetrust.org.uk/,LGTBQ+,UK,Write+new tab,Redirect,,,,,,
https://genderedintelligence.co.uk/,LGTBQ+,UK,Redirect,Redirect,,,,,,
https://www.akt.org.uk/,LGTBQ+,UK,Redirect,Redirect,,,,,,
https://mermaidsuk.org.uk/#,LGTBQ+,UK,Redirect,,,,,,,
https://stonewallhousing.org/,LGTBQ+,UK,Redirect,,,,,,,stonewall doesn't have one but their housing site does?
https://mindout.org.uk/,LGTBQ+,UK,Redirect+new tab,Redirect+new tab,,,,,,
https://cara-friend.org.uk/,LGTBQ+,UK,Redirect,,,,,,,
https://www.intercomtrust.org.uk/,LGTBQ+,UK,Redirect,,,,,,,
https://www.theproudtrust.org/proud-connections/,LGTBQ+,UK,,,,,,,,
https://switchboard.lgbt/,LGTBQ+,UK,,,,,,,,
https://each.education/,LGTBQ+,UK,,,,,,,,
https://rainbowdorset.co.uk/,LGTBQ+,UK,,,,,,,,
http://www.ricochet-dorset.org/,LGTBQ+,UK,,,,,,,,
https://www.spaceyouthproject.co.uk/,LGTBQ+,UK,Redirect,,,,,,,
https://www.transunite.co.uk/,LGTBQ+,UK,,,,,,,,
https://www.consortium.lgbt/,LGTBQ+,UK,,,,,,,,
https://weymouthgaygroup.weebly.com/,LGTBQ+,UK,,,,,,,,
https://leicesterlgbtcentre.org/,LGTBQ+,UK,Redirect,Redirect,,,,,,only the text is a link; the main button isn't so can misclick
https://lancslgbt.org.uk/,LGTBQ+,UK,,,,,,,,
https://imaanlondon.wordpress.com/,LGTBQ+,UK,,,,,,,,
https://www.fflag.org.uk/,LGTBQ+,UK,,,,,,,,
https://www.rainbow-project.org/,LGTBQ+,UK,Redirect,,,,,,,
https://sailni.com/,LGTBQ+,UK,,,,,,,,
https://spectrumhealth.org.uk/,LGTBQ+,UK,,,,,,,,
https://www.gires.org.uk/,LGTBQ+,UK,,,,,,,,
https://blgbt.org/,LGTBQ+,UK,,,,,,,,
https://eikon.org.uk/,LGTBQ+,UK,,,,,,,,
https://www.mindworks-surrey.org/,LGTBQ+,UK,,,,,,,,
https://londonfriend.org.uk/,LGTBQ+,UK,,,,,,,,
http://www.pinktherapy.com/,LGTBQ+,UK,,,,,,,,
https://www.lgbthealth.org.uk/,LGTBQ+,UK,,,,,,,,
https://thebeyouproject.co.uk/,LGTBQ+,UK,Redirect,Redirect,,,,,,
https://www.theproudtrust.org/,LGTBQ+,UK,,,,,,,,
https://lgbtbucks.org/,LGTBQ+,UK,window.location writer,window.location writer,,,,Clickable Pop-up,https://lgbtbucks.org/browsing-safety/,
https://nwlgay.com/,LGTBQ+,UK,,,,,,,,
https://www.openingdoorslondon.org.uk/,LGTBQ+,UK,,,,,,,,
http://www.bisexualindex.org.uk/,LGTBQ+,UK,,,,,,,,
https://www.mosaictrust.org.uk/,LGTBQ+,UK,,,,,,,,
http://www.depend.org.uk/frameset.html,LGTBQ+,UK,,,,,,,,
https://www.familiestogetherlondon.com/,LGTBQ+,UK,,,,,,,,
http://www.onebodyonefaith.org.uk/,LGTBQ+,UK,,,,,,,,
https://www.dean.st/,LGTBQ+,UK,,,,,,,,
https://www.transgenderzone.com/,LGTBQ+,UK,,,,,,,,
http://www.ftmlondon.org.uk/,LGTBQ+,UK,,,,,,,,
https://www.beaumontsociety.org.uk/,LGTBQ+,UK,,,,,,,,
https://spectra-london.org.uk/,LGTBQ+,UK,,,,,,,,
https://www.wearetransplus.co.uk/,LGTBQ+,UK,,,,,,,,
https://www.equality-network.org/,LGTBQ+,UK,Redirect,Redirect,,,,,,
http://www.copecambs.org.uk/index.html,LGTBQ+,UK,,,,,,,,
https://www.cwrc.org.uk/,LGTBQ+,UK,,,,,,,,
https://www.scottishtrans.org/,LGTBQ+,UK,,,,,,,,
https://pinksaltire.com/,LGTBQ+,UK,,,,,,,,
https://clareproject.org.uk/,LGTBQ+,UK,,,,,,,,
http://www.transbucket.com/,LGTBQ+,UK,,,,,,,,
https://www.wpath.org/,LGTBQ+,UK,,,,,,,,
https://www.stonewallscotland.org.uk/,LGTBQ+,UK,,,,,,,,
https://www.transcansport.co.uk/,LGTBQ+,UK,,,,,,,,
https://allabouttrans.org.uk/,LGTBQ+,UK,,,,,,,,
https://translifeline.org/,LGTBQ+,UK,,,,,,,,
https://www.genderspectrum.org/,LGTBQ+,UK,,,,,,,,
https://pflag.org/,LGTBQ+,UK,Redirect,,,,,,,
https://www.lgbthero.org.uk/,LGTBQ+,UK,,,,,,,,
http://www.jglg.org.uk/,LGTBQ+,UK,,,,,,,,
https://www.myumbrella.org.uk/,LGTBQ+,UK,,,,,,,,
https://www.stonewall.org.uk/,LGTBQ+,UK,,,,,,,,
https://lgbt.ie/,LGTBQ+,Ireland,,,,,,,,
https://www.belongto.org/,LGTBQ+,Ireland,Redirect,Redirect,,,,,,
https://teni.ie/,LGTBQ+,Ireland,,,,,,,,
https://outhouse.ie/,LGTBQ+,Ireland,window.location writer,window.location writer,,,,,,
http://www.dublinlesbianline.ie/,LGTBQ+,Ireland,,,,,,,,
https://gayhealthnetwork.ie/,LGTBQ+,Ireland,,,,,,,,
https://man2man.ie/,LGTBQ+,Ireland,Redirect,Redirect,,,,,,
https://nationalgenderserviceireland.com/,LGTBQ+,Ireland,Write+new tab,Write+new tab,,,,,,
http://lgbtni.org/,LGTBQ+,UK,,,,,,,,
https://www.nxf.ie/,LGTBQ+,Ireland,,,,,,,,
https://www.amachlgbt.com/,LGTBQ+,Ireland,,,,,,,,
https://goshh.ie/,LGTBQ+,Ireland,Write+new tab,Write+new tab,,,,,,
http://outcomers.org/,LGTBQ+,Ireland,,,,,,,,
https://ry.org.nz/,LGTBQ+,New Zealand,,,,,,,,
https://outline.org.nz/,LGTBQ+,New Zealand,,,,,,,,
https://genderminorities.com/,LGTBQ+,New Zealand,,,,,,,,
https://insideout.org.nz/,LGTBQ+,New Zealand,,,,,,,,
,LGTBQ+,,,,,,,,,
,LGTBQ+,,,,,,,,,
,LGTBQ+,,,,,,,,,
,LGTBQ+,,,,,,,,,
,LGTBQ+,,,,,,,,,
,LGTBQ+,,,,,,,,,
,LGTBQ+,,,,,,,,,
,LGTBQ+,,,,,,,,,
,LGTBQ+,,,,,,,,,
,LGTBQ+,,,,,,,,,
,,,,,,,,,,
,,,,,,,,,,
,,,,,,,,,,
,,,,,,,,,,
,,,,,,,,,,
,,,,,,,,,,
https://mwrc.org.uk/,Religion,UK,Redirect+new tab,Redirect+new tab,,,,,,
https://humanists.uk/,Religion,UK,,,,,,,,
https://newkapporet.org/,Religion,UK,,,,,,,,
https://www.premier.org.uk/,Religion,UK,,,,,,,,
https://alphaireland.org/,Religion,Ireland,,,,,,,,
https://helpline.barnardos.org.uk/,BAME(R),UK,,,,,,,,
https://karmanirvana.org.uk/,BAME(R),UK,Redirect,Redirect,,,,,https://karmanirvana.org.uk/get-help/keeping-safe-online/,
https://myh.org.uk/,BAME(R),UK,,,,,,,,
https://tellmamauk.org/,BAME(R),UK,,,,,,,,
https://www.migranthelpuk.org/,BAME(R),UK,,,,,,,,
https://blackpeopletalk.co.uk/,BAME(R),UK,,,,,,,,
https://www.taraki.co.uk/,BAME(R),UK,,,,,,,,
https://www.blackmindsmatteruk.com/,BAME(R),UK,,,,,,,,
https://sharingvoices.net/,BAME(R),UK,,,,,,,,
https://www.equalityadvisoryservice.com/,BAME(R),UK,,,,,,,,
https://www.baatn.org.uk/,BAME(R),UK,,,,,,,,
https://www.oceancheshireltd.com/,BAME(R),UK,,,,,,,,
https://www.nafsiyat.org.uk/,BAME(R),UK,,,,,,,,
https://www.wellbeingconnectservices.org/,BAME(R),UK,,,,,,,,
https://enfieldsaheli.org/,BAME(R),UK,,,,,,,,
http://www.farsophone.org.uk/,BAME(R),UK,,,,,,,,
https://www.eyst.org.uk/,BAME(R),UK,,,,,,,,
https://www.bamementalhealth.org/,BAME(R),UK,,,,,,,,
https://www.communityroots.org.uk/,BAME(R),UK,,,,,,,,
https://bmecp.org.uk/,BAME(R),UK,,,,,,,,
https://nestac.org.uk/,BAME(R),UK,,,,,,,,
https://ciac.co.uk/,BAME(R),UK,,,,,,,,
https://ikwro.org.uk/,BAME(R),UK,Write+new tab,,,,,On-page text,,
https://lawrs.org.uk/,BAME(R),UK,Write+new tab,,,,,,https://lawrs.org.uk/browse-safely/,
https://jamiuk.org/,BAME(R),UK,,,,,,,,
https://lawadv.org.uk/,BAME(R),UK,Redirect,Redirect,,,,,https://lawadv.org.uk/en/browse-safely/,
https://www.lbwp.co.uk/,BAME(R),UK,Redirect,Redirect,,,,,,
https://www.mwnhelpline.co.uk/,BAME(R),UK,Redirect,Redirect,,,,,https://www.mwnhelpline.co.uk/issuesstep2.php?id=31,
https://www.nour-dv.org.uk/,BAME(R),UK,,,,,,,,
http://www.oceansomali.org.uk/,BAME(R),UK,,,,,,,,
https://www.forwarduk.org.uk/,BAME(R),UK,Redirect,Redirect,,,,,,
https://www.asianwomencentre.org.uk/,BAME(R),UK,Redirect,,,,,,,
https://www.interethnicforum.org.uk/,BAME(R),Ireland,,,,,,,,
https://counsellingallnations.org/,BAME(R),Ireland,,,,,,,,
https://www.irishrefugeecouncil.ie/,BAME(R),Ireland,,,,,,,,
https://www.immigrantcouncil.ie/,BAME(R),Ireland,,,,,,,,
https://nascireland.org/,BAME(R),Ireland,,,,,,,,
https://doras.org/,BAME(R),Ireland,,,,,,,,
https://shaktiinternational.org/,BAME(R),New Zealand,,,,,,,,
https://alacinc.org.nz/,BAME(R),New Zealand,,,,,,,,
https://www.asianfamilyservices.nz/,BAME(R),New Zealand,,,,,,,,
https://www.newkiwis.co.nz/,BAME(R),New Zealand,,,,,,,,
https://www.belong.org.nz/,BAME(R),New Zealand,,,,,,,,
https://www.cab.org.nz/,BAME(R),New Zealand,,,,,,,,
https://www.hrc.co.nz/,BAME(R),New Zealand,,,,,,,,
https://ilsnz.org/,BAME(R),New Zealand,,,,,,,,
https://www.migrantactiontrust.org/,BAME(R),New Zealand,,,,,,,,
https://www.redcross.org.nz/,BAME(R),New Zealand,,,,,,,,
https://www.ethniccommunities.govt.nz/,BAME(R),New Zealand,,,,,,,,
http://www.mixit.co.nz/,BAME(R),New Zealand,,,,,,,,
https://newcomers.co.nz/,BAME(R),New Zealand,,,,,,,,
https://shama.org.nz/,BAME(R),New Zealand,,,,,,,,
https://www.englishlanguage.org.nz/,BAME(R),New Zealand,,,,,,,,
http://shantiniwas.org.nz/,BAME(R),New Zealand,,,,,,,,
https://www.ccet.org.nz/home/,BAME(R),New Zealand,,,,,,,,
https://harboursport.co.nz/communitysport/asian-community-sport/,BAME(R),New Zealand,,,,,,,,
,BAME(R),,,,,,,,,
,BAME(R),,,,,,,,,
https://www.alcoholics-anonymous.org.uk/,Sobreity,UK,,,,,,,,
https://www.aa.org/,Sobreity,USA,,,,,,,,
https://www.smartrecovery.org/,Sobreity,USA,,,,,,,,
https://loosidapp.com/,Sobreity,USA,,,,,,,,
https://lifering.org/,Sobreity,USA,,,,,,,,
https://joinclubsoda.com/,Sobreity,USA,,,,,,,,
https://womenforsobriety.org/,Sobreity,USA,,,,,,,,
https://jointempest.com/,Sobreity,USA,,,,,,,,
https://americanaddictioncenters.org/,Sobreity,USA,,,,,,,,
https://online.ukna.org/,Sobreity,UK,,,,,,,,
https://smartrecovery.org.uk/,Sobreity,UK,,,,,,,,
https://www.soberrecovery.com/,Sobreity,UK,,,,,,,,
https://www.meetoo.help/,Sobreity,UK,,,,,,,,
https://www.al-anonuk.org.uk/,Sobreity,UK,,,,,,,,
https://www.drugfam.co.uk/,Sobreity,UK,,,,,,,,
https://postscript360.org.uk/,Sobreity,UK,,,,,,,,
https://nacoa.org.uk/,Sobreity,UK,,,,,,,,
https://www.wearewithyou.org.uk/,Sobreity,UK,,,,,,,,
https://www.drugsand.me/,Sobreity,UK,,,,,,,,
https://adfam.org.uk/,Sobreity,UK,,,,,,,,
https://alcoholchange.org.uk/,Sobreity,UK,,,,,,,,
https://livingsober.org.nz/,Sobreity,New Zealand,,,,,,,,
https://besober.co.uk/,Sobreity,UK,,,,,,,,
https://www.addictioncenter.com/,Sobreity,USA,,,,,,,,
https://www.sossobriety.org/,Sobreity,USA,,,,,,,,
https://www.theluckiestclub.com/,Sobreity,USA,,,,,,,,
https://moderation.org/,Sobreity,USA,,,,,,,,
https://www.drinkaware.co.uk/,Sobreity,UK,,,,,,,,
https://www.talktofrank.com/,Sobreity,UK,,,,,,,,
https://www.sfad.org.uk/,Sobreity,UK,Redirect,,,,,,,
https://dan247.org.uk/,Sobreity,UK,Redirect,,,,,,,
https://www.refugerecovery.org/,Sobreity,USA,,,,,,,,
http://www.soberbrowngirls.com/,Sobreity,USA,,,,,,,,
https://gal-aa.org/,Sobreity,USA,,,,,,,,
https://www.gayandsober.org/,Sobreity,USA,,,,,,,,
https://sherecovers.org/,Sobreity,USA,,,,,,,,
https://www.sobermomsquad.com/,Sobreity,USA,,,,,,,,
https://www.intherooms.com/,Sobreity,USA,,,,,,,,
https://kinderstrongerbetter.org/,Sobreity,USA,,,,,,,,
https://www.bac-in.org/,Sobreity,UK,,,,,,,,
https://www.nomorepretending.co.uk/,Sobreity,UK,,,,,,,,
http://www.beatingaddictions.co.uk/,Sobreity,UK,,,,,,,,
https://www.drugwise.org.uk/,Sobreity,UK,,,,,,,,
https://www.clubdrugclinic.cnwl.nhs.uk/,Sobreity,UK,,,,,,,,
https://www.cocaineanonymous.org.uk/,Sobreity,UK,,,,,,,,
http://www.marijuana-anonymous.org.uk/,Sobreity,UK,,,,,,,,
https://ukna.org/,Sobreity,UK,,,,,,,,
https://www.slaauk.org/,Sobreity,UK,,,,,,,,
https://www.turning-point.co.uk/,Sobreity,UK,,,,,,,,
https://www.beadproject.org.uk/,Sobreity,UK,,,,,,,,
http://famanon.org.uk/,Sobreity,UK,,,,,,,,
https://www.actiononaddiction.org.uk/,Sobreity,UK,,,,,,,,
https://www.help4addiction.co.uk/,Sobreity,UK,,,,,,,,
https://www.lifeworkscommunity.com/,Sobreity,UK,,,,,,,,
https://www.recovery.org.uk/,Sobreity,UK,,,,,,,,
https://kikitproject.org/,Sobreity,UK,,,,,,,,
https://www.nilaari.co.uk/,Sobreity,UK,,,,,,,,
https://www.addictionsnortheast.com/,Sobreity,UK,,,,,,,,
https://drinkaware.ie/,Sobreity,Ireland,,,,,,,,
http://lifering.ie/,Sobreity,Ireland,,,,,,,,
https://smartrecovery.ie/,Sobreity,Ireland,,,,,,,,
https://www.alcoholicsanonymous.ie/,Sobreity,Ireland,,,,,,,,
http://www.al-anon-ireland.org/,Sobreity,Ireland,,,,,,,,
https://alcoholforum.org/,Sobreity,Ireland,,,,,,,,
https://www.coolmine.ie/,Sobreity,Ireland,,,,,,,,
https://www.finglascabraldtf.ie/,Sobreity,Ireland,,,,,,,,
https://www.hopehandson.com/index.html,Sobreity,Ireland,,,,,,,,
https://sharingpoint.ie/,Sobreity,Ireland,,,,,,,,
https://ndublinrdtf.ie/,Sobreity,Ireland,,,,,,,,
http://thedalescentre.ie/,Sobreity,Ireland,,,,,,,,
http://www.cads.org.nz/,Sobreity,New Zealand,,,,,,,,
https://www.nznep.org.nz/,Sobreity,New Zealand,,,,,,,,
https://www.addictiveeatersanonymous.org/,Sobreity,New Zealand,,,,,,,,
https://al-anon.org.nz/,Sobreity,New Zealand,,,,,,,,
https://alcoholdrughelp.org.nz/,Sobreity,New Zealand,,,,,,,,
https://aa.org.nz/,Sobreity,New Zealand,Write+new tab,,,,,,,
https://bravehearts.nz/,Sobreity,New Zealand,,,,,,,,
https://fds.org.nz/,Sobreity,New Zealand,,,,,,,,
https://higherground.org.nz/,Sobreity,New Zealand,,,,,,,,
http://www.mahitahi.co.nz/,Sobreity,New Zealand,,,,,,,,
https://nzna.org/,Sobreity,New Zealand,,,,,,,,
https://www.odyssey.org.nz/,Sobreity,New Zealand,,,,,,,,
https://www.aucklandoa.com/,Sobreity,New Zealand,,,,,,,,
http://www.aucklandslaa.org.nz/,Sobreity,New Zealand,,,,,,,,
https://thelevel.org.nz/,Sobreity,New Zealand,,,,,,,,
https://www.theretreatnz.org.nz/,Sobreity,New Zealand,,,,,,,,
https://www.alcohol.org.nz,Sobreity,New Zealand,,,,,,,,
https://alcoholdrughelp.org.nz,Sobreity,New Zealand,,,,,,,,
https://drughelp.org.nz/,Sobreity,New Zealand,,,,,,,,
https://www.drugfoundation.org.nz,Sobreity,New Zealand,,,,,,,,
https://smokefree.gov/,Smoking,USA,,,,,,,,
https://ash.org.uk/,Smoking,UK,,,,,,,,
https://www.thestopsmokingservice.co.uk/,Smoking,UK,,,,,,,,
https://onesmallstep.org.uk/,Smoking,UK,,,,,,,,
https://www.stopsmokingni.info/,Smoking,UK,,,,,,,,
https://quit.org.nz/,Smoking,New Zealand,,,,,,,,
https://tokirau.co.nz/,Smoking,New Zealand,,,,,,,,
https://readysteadyquit.org.nz/,Smoking,New Zealand,,,,,,,,
https://www.stopsmokingwestcoast.org.nz/,Smoking,New Zealand,,,,,,,,
https://www.tehawaitaha.nz/,Smoking,New Zealand,,,,,,,,
,Smoking,,,,,,,,,
,Smoking,,,,,,,,,
,Smoking,,,,,,,,,
,Smoking,,,,,,,,,
,Smoking,,,,,,,,,
,Smoking,,,,,,,,,
,Smoking,,,,,,,,,
,Smoking,,,,,,,,,
,Smoking,,,,,,,,,
,Smoking,,,,,,,,,
,Smoking,,,,,,,,,
,Smoking,,,,,,,,,
,Smoking,,,,,,,,,
,Smoking,,,,,,,,,
,Smoking,,,,,,,,,
https://aquarius.org.uk/,Gambling,UK,,,,,,,,
https://bigdeal.org.uk/,Gambling,UK,,,,,,,,
https://www.gamblingtherapy.org/,Gambling,UK,,,,,,,,
http://gamanon.org.uk/,Gambling,UK,,,,,,,,
https://gordonmoody.org.uk/,Gambling,UK,,,,,,,,
https://www.begambleaware.org/,Gambling,UK,,,,,,,,
https://www.gamblersanonymous.ie/,Gambling,Ireland,,,,,,,,
https://gascotland.org/,Gambling,UK,,,,,,,,
https://www.gamblersanonymous.org.uk/,Gambling,UK,,,,,,,,
https://www.gamcare.org.uk/,Gambling,UK,,,,,,,,
https://www.problemgambling.ie/,Gambling,Ireland,,,,,,,,
https://gamblingcare.ie/,Gambling,Ireland,,,,,,,,
https://www.rutlandcentre.ie/,Gambling,Ireland,,,,,,,,
https://gamblinghelpline.co.nz/,Gambling,New Zealand,,,,,,,,
https://www.mapumaia.nz/,Gambling,New Zealand,,,,,,,,
https://www.pgf.nz/,Gambling,New Zealand,,,,,,,,
https://gamblinghb.co.nz/,Gambling,New Zealand,,,,,,,,
https://oasis.salvationarmy.org.nz/,Gambling,New Zealand,,,,,,,,
,Gambling,,,,,,,,,
,Gambling,,,,,,,,,
,Gambling,,,,,,,,,
,Gambling,,,,,,,,,
,Gambling,,,,,,,,,
,Gambling,,,,,,,,,
,Gambling,,,,,,,,,
,Gambling,,,,,,,,,
,Gambling,,,,,,,,,
,Gambling,,,,,,,,,
,Gambling,,,,,,,,,
,Gambling,,,,,,,,,
,Gambling,,,,,,,,,
,Gambling,,,,,,,,,
,Gambling,,,,,,,,,
https://www.icash.nhs.uk/,Sexual health,UK,Redirect,,,,,,,
https://i-base.info/,Sexual health,UK,,,,,,,,
https://www.tht.org.uk/,Sexual health,UK,,,,,,,,
https://www.yoursexualhealthmatters.org.uk/,Sexual health,UK,,,,,,,,
https://www.bashh.org/,Sexual health,UK,,,,,,,,
https://www.unitysexualhealth.co.uk/,Sexual health,UK,Redirect,Redirect,,,,,https://www.unitysexualhealth.co.uk/hide-your-tracks/,
https://www.safesexberkshire.nhs.uk/,Sexual health,UK,Redirect,Redirect,,,,,,
https://www.fpa.org.uk/,Sexual health,UK,,,,,,,,
https://www.alleast.nhs.uk/,Sexual health,UK,,,,,,,,
https://www.brook.org.uk/,Sexual health,UK,,,,,,,,
https://www.contraceptionchoices.org/,Sexual health,UK,Unique,,,,,,,Covers up page with fake version of google. can be closed again by clicking page.
https://www.sexwise.org.uk/,Sexual health,UK,,,,,,,,
https://sexualhealthdorset.org/,Sexual health,UK,,,,,,,,
https://www.better2know.co.uk/,Sexual health,UK,,,,,,,,
https://www.sexualwellbeing.ie/,Sexual health,Ireland,,,,,,,,
https://www.ashs.org.nz/,Sexual health,New Zealand,,,,,,,,
https://rpe.co.nz/,Sexual health,New Zealand,,,,,,,,
https://www.rainn.org/,Sexual health,USA,,,,,,,,
https://www.wellwomenandfamily.co.nz/,Sexual health,New Zealand,,,,,,,,
https://www.nzshs.org/,Sexual health,New Zealand,,,,,,,,
https://tewhariki.org.nz/,Sexual health,New Zealand,,,,,,,,
https://fgm.co.nz/,Sexual health,New Zealand,,,,,,,,
https://positivewomen.org.nz/,Sexual health,New Zealand,,,,,,,,
https://www.bodypositive.org.nz/,Sexual health,New Zealand,,,,,,,,
https://www.sexualhealth.co.nz/,Sexual health,New Zealand,,,,,,,,
https://www.justthefacts.co.nz/,Sexual health,New Zealand,,,,,,,,
https://www.herpes.org.nz/,Sexual health,New Zealand,,,,,,,,
https://www.hpv.org.nz/,Sexual health,New Zealand,,,,,,,,
,,,,,,,,,,
,,,,,,,,,,
,,,,,,,,,,
,,,,,,,,,,
,,,,,,,,,,
,,,,,,,,,,
,,,,,,,,,,
https://midwestaccesscoalition.org/,Family Planning,USA,window.location writer,window.location writer,,,,,https://midwestaccesscoalition.org/posts/2019-02-09-quick-exit-button-safe-browsing,CODE FROM THAT ONE CITATION; Code actually includes new tab as well as overwriting current tab but order of execution means new tab does not open.
https://www.family-action.org.uk/,Family Planning,UK,,,,,,,,
https://www.familylives.org.uk/,Family Planning,UK,,,,,,,,
https://frg.org.uk/,Family Planning,UK,Redirect,Redirect,,,,,,
https://fnf.org.uk/,Family Planning,UK,Redirect,,,,,,,
https://fostertalk.org/,Family Planning,UK,,,,,,,,
https://jsense.org.uk/,Family Planning,UK,,,,,,,,
https://www.sands.org.uk/,Family Planning,UK,Redirect+new tab,Redirect+new tab,,,,,,
https://lifecharity.org.uk/,Family Planning,UK,,,,,,,,
https://maternityaction.org.uk/,Family Planning,UK,,,,,,,,
https://www.pregnancysicknesssupport.org.uk/,Family Planning,UK,,,,,,,,
https://twinstrust.org/,Family Planning,UK,,,,,,,,
https://www.acacia.org.uk/,Family Planning,UK,,,,,,,,
https://www.bpas.org/,Family Planning,UK,,,,,,,,
https://www.asn.org.uk/,Family Planning,UK,,,,,,,,
https://www.archtrust.org.uk/,Family Planning,UK,,,,,,,,
https://www.msichoices.org.uk/,Family Planning,UK,Unique,Unique,,,,,,Same as refuge tech safety page: redirect loop + new tab
https://www.nupas.co.uk/,Family Planning,UK,,,,,,,,
https://www.plannedparenthood.org/,Family Planning,USA,,,,,,,,
https://care.org.uk/,Family Planning,UK,,,,,,,,
https://www.choicesislington.org/,Family Planning,UK,,,,,,,,
https://www.pregnancybirthbaby.org.au/,Family Planning,Australia,,,,,,,,
https://whfs.org.uk/,Family Planning,UK,,,,,,,,
https://www.ifpa.ie/,Family Planning,Ireland,,,,,,,,
https://www.familyplanning.org.nz/,Family Planning,New Zealand,,,,,,,,
https://www.birthcentre.co.nz/,Family Planning,New Zealand,,,,,,,,
https://www.immerse.org.nz/,Family Planning,New Zealand,,,,,,,,
https://www.sands.org.nz/,Family Planning,New Zealand,,,,,,,,
https://decide.org.nz/,Family Planning,New Zealand,,,,,,,,
https://abortion.org.nz/,Family Planning,New Zealand,,,,,,,https://abortion.org.nz/hide,
http://alranz.org/,Family Planning,New Zealand,,,,,,,,
,Family Planning,,,,,,,,,
,Family Planning,,,,,,,,,
,Family Planning,,,,,,,,,
,Family Planning,,,,,,,,,
,Family Planning,,,,,,,,,
,Family Planning,,,,,,,,,
,Family Planning,,,,,,,,,
,Family Planning,,,,,,,,,
,Family Planning,,,,,,,,,
,Family Planning,,,,,,,,,
,Family Planning,,,,,,,,,
,Family Planning,,,,,,,,,
,Family Planning,,,,,,,,,
https://parents.actionforchildren.org.uk/,Parenting,UK,,,,,,,,
https://www.cry-sis.org.uk/,Parenting,UK,,,,,,,,
https://www.gingerbread.org.uk/,Parenting,UK,,,,,,,,
https://www.kidscape.org.uk/,Parenting,UK,,,,,,,,
https://opfs.org.uk/,Parenting,UK,,,,,,,,
https://www.parentingni.org/,Parenting,UK,,,,,,,,
https://www.lullabytrust.org.uk/,Parenting,UK,,,,,,,,
https://www.lifestartfoundation.org/,Parenting,Ireland,,,,,,,,
https://onefamily.ie/,Parenting,Ireland,,,,,,,,
https://www.pact.ie/,Parenting,Ireland,,,,,,,,
https://www.parentline.ie/,Parenting,Ireland,,,,,,,,
https://parentsfirst.ie/,Parenting,Ireland,,,,,,,,
https://www.parentsplus.ie/,Parenting,Ireland,,,,,,,,
https://www.preparingforlife.ie/,Parenting,Ireland,,,,,,,,
http://www.solo.ie/,Parenting,Ireland,,,,,,,,
https://www.treoir.ie/,Parenting,Ireland,,,,,,,,
http://www.whanaumarama-parenting.co.nz/,Parenting,New Zealand,,,,,,,,
https://atwc.org.nz/,Parenting,New Zealand,,,,,,,,
https://www.caringfamilies.org.nz/,Parenting,New Zealand,,,,,,,,
https://www.familyworksnorthern.org.nz/,Parenting,New Zealand,,,,,,,,
https://www.parentaidnorthwest.org.nz/,Parenting,New Zealand,,,,,,,,
https://parentaidwaitakere.co.nz/,Parenting,New Zealand,,,,,,,,
https://www.parenthelp.org.nz/,Parenting,New Zealand,,,,,,,,
https://www.parentportnorth.org.nz/,Parenting,New Zealand,,,,,,,,
https://parentscentre.org.nz/,Parenting,New Zealand,,,,,,,,
https://www.plunket.org.nz/,Parenting,New Zealand,,,,,,,,
https://www.stepsforward.co.nz/,Parenting,New Zealand,,,,,,,,
https://www.strengtheningfamilies.govt.nz/,Parenting,New Zealand,,,,,,,,
https://parentingplace.nz/,Parenting,New Zealand,,,,,,,,
https://www.toughlove.org.nz,Parenting,New Zealand,,,,,,,,
https://www.triplep-parenting.net.nz,Parenting,New Zealand,,,,,,,,
https://www.adapt.net.nz/,Parenting,New Zealand,,,,,,,,
https://www.anzascs.org.nz/,Parenting,New Zealand,,,,,,,,
,Parenting,New Zealand,,,,,,,,
,Parenting,New Zealand,,,,,,,,
,Parenting,New Zealand,,,,,,,,
https://www.childline.org.uk/,Children,UK,Redirect,Redirect,,,,,https://www.childline.org.uk/info-advice/bullying-abuse-safety/online-mobile-safety/cover-tracks/,
https://coramvoice.org.uk/,Children,UK,Redirect,Redirect,,,,,,
https://napac.org.uk/,Children,UK,,,,,,,,
https://www.nspcc.org.uk/,Children,UK,,,,,,,,
https://www.nyas.net/,Children,UK,,,,,,,,
https://www.meiccymru.org/,Children,UK,Redirect,Redirect,,,,,,
https://wearestrongercharity.org/,Children,UK,,,,,,,,
https://young.scot/,Children,UK,,,,,,,,
https://www.orangatamariki.govt.nz/,Children,New Zealand,,,,,,,,
https://www.youthline.co.nz/,Children,New Zealand,,,,,,,,
https://barnardos.org.nz/,Children,New Zealand,,,,,,,,
https://kidslink.co.nz/,Children,New Zealand,,,,,,,,
https://www.standforchildren.org.nz/,Children,New Zealand,,,,,,,,
https://dayspring.org.nz,Children,New Zealand,,,,,,,,
https://www.bigbuddy.org.nz/,Children,New Zealand,,,,,,,,
https://www.canteen.org.nz/,Children,New Zealand,,,,,,,,
https://www.waitematadhb.govt.nz/,Children,New Zealand,,,,,,,,
https://www.cyctrust.org.nz/,Children,New Zealand,,,,,,,,
https://empowermenttrust.nz/,Children,New Zealand,,,,,,,,
https://www.essentiallymen.net/,Children,New Zealand,,,,,,,,
https://dinglefoundation.org.nz/,Children,New Zealand,,,,,,,,
https://www.iamhope.org.nz/,Children,New Zealand,,,,,,,,
https://www.mixit.co.nz/,Children,New Zealand,,,,,,,,
https://www.sparx.org.nz/home,Children,New Zealand,,,,,,,,
http://www.nzcyt.org.nz/,Children,New Zealand,,,,,,,,
https://www.greenroom.org.nz/,Children,New Zealand,,,,,,,,
https://www.thelowdown.co.nz/,Children,New Zealand,,,,,,,,
https://www.youngnz.online/,Children,New Zealand,,,,,,,,
https://www.adoptionuk.org/,Adoption,UK,,,,,,,,
https://adoptionfirststeps.org.nz/,Adoption,New Zealand,,,,,,,,
https://www.cfo.org.nz/,Adoption,New Zealand,,,,,,,,
https://www.icanz.gen.nz/,Adoption,New Zealand,,,,,,,,
https://jigsaw.org.au/,Adoption,Australia,,,,,,,,
https://adoptionaction.co.nz/,Adoption,New Zealand,,,,,,,,
https://adoptionnz.com/,Adoption,New Zealand,,,,,,,,
http://www.adoptionoption.org.nz/,Adoption,New Zealand,,,,,,,,
,Adoption,,,,,,,,,
,Adoption,,,,,,,,,
,Adoption,,,,,,,,,
,Adoption,,,,,,,,,
,Adoption,,,,,,,,,
,Adoption,,,,,,,,,
,Adoption,,,,,,,,,
,Adoption,,,,,,,,,
,Adoption,,,,,,,,,
,Adoption,,,,,,,,,
,Adoption,,,,,,,,,
,Adoption,,,,,,,,,
,Adoption,,,,,,,,,
https://centrepoint.org.uk/,Homelessness,UK,,,,,,,,
https://www.housingrights.org.uk/,Homelessness,UK,,,,,,,,
https://www.crisis.org.uk/,Homelessness,UK,,,,,,,,
https://www.homeless.org.uk/,Homelessness,UK,,,,,,,,
https://wintercomfort.org.uk/,Homelessness,UK,,,,,,,,
https://www.bigissue.com/,Homelessness,UK,,,,,,,,
https://streetsupport.net/,Homelessness,UK,,,,,,,,
https://www.jimmyscambridge.org.uk/,Homelessness,UK,,,,,,,,
https://www.nhas.org.uk/,Homelessness,UK,,,,,,,,
https://www.frontlinefife.co.uk/,Homelessness,UK,,,,,,,,
https://www.thepavement.org.uk/,Homelessness,UK,,,,,,,,
https://www.streetlink.org.uk/,Homelessness,UK,,,,,,,,
https://sheltercymru.org.uk/,Homelessness,UK,,,,,,,,
https://england.shelter.org.uk/,Homelessness,UK,,,,,,,,
https://www.simon.ie/,Homelessness,Ireland,,,,,,,,
https://www.focusireland.ie/,Homelessness,Ireland,,,,,,,,
https://crosscare.ie/,Homelessness,Ireland,,,,,,,,
https://pmvtrust.ie/,Homelessness,Ireland,,,,,,,,
https://www.novas.ie/,Homelessness,Ireland,,,,,,,,
https://cuanmhuire.ie/,Homelessness,Ireland,,,,,,,,
https://www.mrci.ie/,Homelessness,Ireland,,,,,,,,
https://ie.depaulcharity.org/,Homelessness,Ireland,,,,,,,,
https://simoncommunity.org/,Homelessness,Ireland,,,,,,,,
https://homelessnessinireland.ie/,Homelessness,Ireland,,,,,,,,
https://www.dubsimon.ie/,Homelessness,Ireland,,,,,,,,
https://dha.ie/,Homelessness,Ireland,,,,,,,,
https://www.depaulhouse.org.nz/,Homelessness,New Zealand,,,,,,,,
https://www.thepeoplesproject.org.nz/,Homelessness,New Zealand,,,,,,,,
https://www.workandincome.govt.nz/,Homelessness,New Zealand,,,,,,,,
https://www.aucklandcitymission.org.nz/,Homelessness,New Zealand,,,,,,,,
https://www.housingfirst.co.nz/,Homelessness,New Zealand,,,,,,,,
https://www.dcm.org.nz/,Homelessness,New Zealand,,,,,,,,
https://orangesky.org.nz/,Homelessness,New Zealand,,,,,,,,
https://soupkitchen.org.nz/,Homelessness,New Zealand,,,,,,,,
https://www.linkpeople.co.nz/,Homelessness,New Zealand,,,,,,,,
https://visionwest.org.nz/,Homelessness,New Zealand,,,,,,,,
https://www.whwt.kiwi/,Homelessness,New Zealand,,,,,,,,
https://rrtglobal.org/nz/,Homelessness,New Zealand,,,,,,,,
https://kaingaora.govt.nz/,Homelessness,New Zealand,,,,,,,,
https://www.achpn.net.nz/,Homelessness,New Zealand,,,,,,,,
https://kahuitukaha.co.nz/,Homelessness,New Zealand,,,,,,,,
https://www.housingconnections.nz/,Homelessness,New Zealand,,,,,,,,
https://dwell.org.nz/,Homelessness,New Zealand,,,,,,,,
,,,,,,,,,,
,,,,,,,,,,
,,,,,,,,,,
https://www.samaritans.org/,Mental Health,UK,,,,,,,,
https://www.sane.org.uk/,Mental Health,UK,,,,,,,,
https://www.spbristol.org/,Mental Health,UK,,,,,,,,
https://www.thecalmzone.net/,Mental Health,UK,,,,,,,,
https://www.themix.org.uk/,Mental Health,UK,,,,,,,,
https://www.papyrus-uk.org/,Mental Health,UK,,,,,,,,
https://nightline.ac.uk/,Mental Health,UK,,,,,,,,
https://www.callhelpline.org.uk/,Mental Health,UK,,,,,,,,
https://www.youngminds.org.uk/,Mental Health,UK,,,,,,,,
https://www.rethink.org/,Mental Health,UK,,,,,,,,
https://sidebyside.mind.org.uk/,Mental Health,UK,,,,,,,,
https://giveusashout.org/,Mental Health,UK,,,,,,,,
https://thespark.org.uk/,Mental Health,UK,,,,,,,,
https://www.inspirewellbeing.org/,Mental Health,UK,,,,,,,,
https://lifecraft.org.uk/our-services/lifeline/,Mental Health,UK,,,,,,,,
https://www.mind.org.uk/,Mental Health,UK,,,,,,,,All mind regional support has near identical sites though none have exit buttons
https://www.lifeline.org.nz/,Mental Health,New Zealand,,,,,,,,
https://nightline.org.uk/,Mental Health,UK,,,,,,,,
https://www.educationsupport.org.uk/,Mental Health,UK,,,,,,,,
https://www.helpmusicians.org.uk/,Mental Health,UK,,,,,,,,
https://bodypositivedorset.org/,Mental Health,UK,,,,,,,,
https://www.mnwb.org/,Mental Health,UK,,,,,,,,
https://humankindcharity.org.uk/,Mental Health,UK,,,,,,,,
https://centre33.org.uk/,Mental Health,UK,,,,,,,,
https://www.selfhelp.org.uk/,Mental Health,UK,,,,,,,,
https://www.helpguide.org/,Mental Health,USA,,,,,,,,
https://www.calm.com/,Mental Health,USA,,,,,,,,
https://www.headspace.com/,Mental Health,USA,,,,,,,,
https://support.therapytribe.com/,Mental Health,USA,,,,,,,,
https://www.thewhatcentre.co.uk/,Mental Health,UK,,,,,,,,
https://www.betterhelp.com/,Mental Health,USA,,,,,,,,
https://www.talk-ed.org.uk/,Mental Health,UK,,,,,,,,
https://www.beateatingdisorders.org.uk/,Mental Health,UK,,,,,,,,
https://www.pieta.ie/,Mental Health,Ireland,,,,,,,,
https://jigsaw.ie/,Mental Health,Ireland,,,,,,,,
https://livinglifecounselling.com/,Mental Health,Ireland,,,,,,,,
https://suicideorsurvive.ie/,Mental Health,Ireland,,,,,,,,
https://www.clanwilliam.ie/,Mental Health,Ireland,,,,,,,,
https://helplink.ie/,Mental Health,Ireland,,,,,,,,
https://translateireland.ie/,Mental Health,Ireland,,,,,,,,
https://grow.ie/,Mental Health,Ireland,,,,,,,,
https://connectcounselling.ie/,Mental Health,Ireland,,,,,,,,
https://text50808.ie/,Mental Health,Ireland,,,,,,,,
https://www.aware.ie/,Mental Health,Ireland,,,,,,,,
https://www.mentalhealthireland.ie/,Mental Health,Ireland,,,,,,,,
https://travellercounselling.ie/,Mental Health,Ireland,,,,,,,,
https://www.bodywhys.ie/,Mental Health,Ireland,,,,,,,,
https://practitionerhealth.ie/,Mental Health,Ireland,,,,,,,,
https://turn2me.ie/,Mental Health,Ireland,,,,,,,,
https://mymind.org/,Mental Health,Ireland,,,,,,,,
https://shine.ie/,Mental Health,Ireland,,,,,,,,
https://adhdireland.ie/,Mental Health,Ireland,,,,,,,,
https://1737.org.nz/,Mental Health,New Zealand,,,,,,,,
https://www.familyaction.org.nz/,Mental Health,New Zealand,,,,,,,,
https://whatsup.co.nz/,Mental Health,New Zealand,,,,,,,,
https://www.skylight.org.nz/,Mental Health,New Zealand,,,,,,,,
https://depression.org.nz/,Mental Health,New Zealand,,,,,,,,
https://www.anxiety.org.nz/,Mental Health,New Zealand,,,,,,,,
https://www.emergeaotearoa.org.nz/,Mental Health,New Zealand,,,,,,,,
https://www.mindandbody.co.nz/,Mental Health,New Zealand,,,,,,,,
https://www.pathways.co.nz/,Mental Health,New Zealand,,,,,,,,
https://grow.org.nz/,Mental Health,New Zealand,,,,,,,,
https://kautepasifika.co.nz/,Mental Health,New Zealand,,,,,,,,
https://www.tuiora.co.nz/,Mental Health,New Zealand,,,,,,,,
https://www.taeaomanino.org.nz/,Mental Health,New Zealand,,,,,,,,
https://homeandfamily.org.nz/,Mental Health,New Zealand,,,,,,,,
https://ancad.org.nz/,Mental Health,New Zealand,,,,,,,,
https://mentalhealth.org.nz/,Mental Health,New Zealand,,,,,,,,
https://www.smallsteps.org.nz/,Mental Health,New Zealand,,,,,,,,
http://www.throughblue.org.nz/,Mental Health,New Zealand,,,,,,,,
https://www.groovnow.com/,Mental Health,New Zealand,,,,,,,,
https://www.manalive.nz/,Mental Health,New Zealand,,,,,,,,
https://www.ataxia.org.uk/,Physical Health,UK,,,,,,,,
https://bloodcancer.org.uk/,Physical Health,UK,,,,,,,,
https://www.brainandspine.org.uk/,Physical Health,UK,,,,,,,,
https://brainstrust.org.uk/,Physical Health,UK,,,,,,,,
https://britishlivertrust.org.uk/,Physical Health,UK,,,,,,,,
https://www.tinnitus.org.uk/,Physical Health,UK,,,,,,,,
https://cancerfocusni.org/,Physical Health,UK,,,,,,,,
https://www.cancerresearchuk.org/,Physical Health,UK,,,,,,,,
https://www.chss.org.uk/,Physical Health,UK,,,,,,,,
https://cmvaction.org.uk/,Physical Health,UK,,,,,,,,
https://www.coeliac.org.uk,Physical Health,UK,,,,,,,,
https://www.dementiauk.org/,Physical Health,UK,,,,,,,,
https://www.dyslexiascotland.org.uk/,Physical Health,UK,,,,,,,,
https://dyspraxiafoundation.org.uk/,Physical Health,UK,,,,,,,,
https://www.healthwatchkent.co.uk/,Physical Health,UK,,,,,,,,healthwatch(.*) have near identical websites
https://www.endometriosis-uk.org/,Physical Health,UK,,,,,,,,
https://www.epilepsy.org.uk/,Physical Health,UK,,,,,,,,
https://www.epilepsyscotland.org.uk/,Physical Health,UK,,,,,,,,
https://epilepsysociety.org.uk/,Physical Health,UK,,,,,,,,
https://www.eric.org.uk/,Physical Health,UK,,,,,,,,
http://www.fmauk.org/,Physical Health,UK,,,,,,,,
https://www.headway.org.uk/,Physical Health,UK,,,,,,,,
https://irishskin.ie/,Physical Health,Ireland,,,,,,,,
https://www.leukaemiacare.org.uk/,Physical Health,UK,,,,,,,,
https://melanomafocus.org/,Physical Health,UK,,,,,,,,
https://www.menieres.org.uk/,Physical Health,UK,,,,,,,,
https://www.meningitisnow.org/,Physical Health,UK,,,,,,,,
https://www.mhm.org.uk/,Physical Health,UK,,,,,,,,
https://www.mesothelioma.uk.com/,Physical Health,UK,,,,,,,,
https://www.myeloma.org.uk/,Physical Health,UK,,,,,,,,
https://napa-activities.co.uk/,Physical Health,UK,,,,,,,,
https://www.mariecurie.org.uk/,Physical Health,UK,,,,,,,,
https://www.healthforteens.co.uk/,Physical Health,UK,Redirect,Redirect,,,,,,
https://www.health.nsw.gov.au/,Physical Health,Australia,,,,,,,,
https://www.healthdirect.gov.au/,Physical Health,Australia,,,,,,,,
https://www.healthysurrey.org.uk/,Physical Health,UK,,,,,,,,
https://www.csp.org.uk/,Physical Health,UK,,,,,,,,
https://www.healthypeople.gov/,Physical Health,USA,,,,,,,,
https://www.hse.ie/eng/,Physical Health,Ireland,,,,,,,,
https://www.abiireland.ie/,Physical Health,Ireland,,,,,,,,
http://aphasiaireland.ie/,Physical Health,Ireland,,,,,,,,
https://headway.ie/,Physical Health,Ireland,,,,,,,,
https://www.epilepsy.ie/,Physical Health,Ireland,,,,,,,,
https://www.acc.co.nz/,Physical Health,New Zealand,,,,,,,,
https://www.asianhealthservices.co.nz/,Physical Health,New Zealand,,,,,,,,
https://ebpha.org.nz,Physical Health,New Zealand,,,,,,,,
https://www.pinnacle.co.nz/,Physical Health,New Zealand,,,,,,,,
https://www.wrhn.org.nz/,Physical Health,New Zealand,,,,,,,,
https://www.takirimai.org.nz/Home,Physical Health,New Zealand,,,,,,,,
https://whakarongorau.nz/,Physical Health,New Zealand,,,,,,,,
https://nkmp.maori.nz/,Physical Health,New Zealand,,,,,,,,
https://mashtrust.org.nz/,Physical Health,New Zealand,,,,,,,,
https://www.tekohaohealth.co.nz/,Physical Health,New Zealand,,,,,,,,
https://www.waikatodhb.health.nz/,Physical Health,New Zealand,,,,,,,,
https://www.cph.co.nz/,Physical Health,New Zealand,,,,,,,,
https://www.healthwest.co.nz/,Physical Health,New Zealand,,,,,,,,
,Physical Health,New Zealand,,,,,,,,
,Physical Health,New Zealand,,,,,,,,
,Physical Health,New Zealand,,,,,,,,
,Physical Health,New Zealand,,,,,,,,
,Physical Health,New Zealand,,,,,,,,
,Physical Health,New Zealand,,,,,,,,
https://www.togetherforshortlives.org.uk/,Physical Health,UK,,,,,,,,
https://contact.org.uk/,Disability,UK,,,,,,,,
https://devoninsight.org.uk/,Disability,UK,,,,,,,,
https://www.disabilityscot.org.uk/,Disability,UK,,,,,,,,
https://www.hft.org.uk/,Disability,UK,,,,,,,,
https://www.ipsea.org.uk/,Disability,UK,,,,,,,,
https://www.mencap.org.uk/,Disability,UK,,,,,,,,
https://ms-uk.org/,Disability,UK,,,,,,,,
https://www.mssociety.org.uk/,Disability,UK,,,,,,,,
https://mstrust.org.uk/,Disability,UK,,,,,,,,
https://www.ndcs.org.uk/,Disability,UK,,,,,,,,
https://www.parkinsons.org.uk/,Disability,UK,,,,,,,,
https://www.rescare.org.uk/,Disability,UK,,,,,,,,
https://www.rettuk.org/,Disability,UK,,,,,,,,
https://www.snapcharity.org/,Disability,UK,,,,,,,,
https://www.snapcymru.org/,Disability,UK,,,,,,,,
https://www.stepsworldwide.org/,Disability,UK,,,,,,,,
https://inclusionireland.ie/,Disability,Ireland,,,,,,,,
https://www.enableireland.ie/,Disability,Ireland,,,,,,,,
https://www.theatnetwork.com/,Disability,Ireland,,,,,,,,
https://www.ahead.ie/,Disability,Ireland,,,,,,,,
http://www.brothersofcharity.ie/,Disability,Ireland,,,,,,,,
https://www.walk.ie/,Disability,Ireland,,,,,,,,
http://www.idd.ie/,Disability,Ireland,,,,,,,,
https://rehab.ie/,Disability,Ireland,,,,,,,,
https://www.leapireland.com/,Disability,Ireland,,,,,,,,
https://ilmi.ie/,Disability,Ireland,,,,,,,,
https://dyslexia.ie/,Disability,Ireland,,,,,,,,
http://d15leaders.com/,Disability,Ireland,,,,,,,,
https://www.ncbi.ie/,Disability,Ireland,,,,,,,,
https://www.casa.ie/,Disability,Ireland,,,,,,,,
https://www.downsyndromecentre.ie/,Disability,Ireland,,,,,,,,
https://www.disability-federation.ie/,Disability,Ireland,,,,,,,,
https://www.disabilityaction.org/,Disability,Ireland,,,,,,,,
https://www.dessa.ie/,Disability,Ireland,,,,,,,,
https://www.cope-foundation.ie/,Disability,Ireland,,,,,,,,
http://www.coaction.ie/,Disability,Ireland,,,,,,,,
,Disability,New Zealand,,,,,,,,
,Disability,New Zealand,,,,,,,,
,Disability,New Zealand,,,,,,,,
,Disability,New Zealand,,,,,,,,
,Disability,New Zealand,,,,,,,,
,Disability,New Zealand,,,,,,,,
,Disability,New Zealand,,,,,,,,
,Disability,New Zealand,,,,,,,,
,Disability,New Zealand,,,,,,,,
,Disability,New Zealand,,,,,,,,
,Disability,New Zealand,,,,,,,,
,Disability,New Zealand,,,,,,,,
,Disability,New Zealand,,,,,,,,
,Disability,New Zealand,,,,,,,,
,Disability,New Zealand,,,,,,,,
,Disability,New Zealand,,,,,,,,
,Disability,New Zealand,,,,,,,,
,Disability,New Zealand,,,,,,,,
,Disability,New Zealand,,,,,,,,
,Disability,New Zealand,,,,,,,,
https://www.ageuk.org.uk/,Elderly,UK,,,,,,,,
https://www.wearehourglass.org/,Elderly,UK,Redirect,Redirect,,,,,,
https://kinship.org.uk/,Elderly,UK,,,,,,,,
https://www.familiesoutside.org.uk/,Past offenders,UK,,,,,,,,
https://howardleague.org/,Past offenders,UK,,,,,,,,
https://www.prisonreformtrust.org.uk/,Past offenders,UK,,,,,,,,Uses TLS certificate for completely different site
https://www.prisonadvice.org.uk/,Past offenders,UK,,,,,,,,
https://www.prisonersfamilies.org/,Past offenders,UK,,,,,,,,
https://unlock.org.uk/,Past offenders,UK,,,,,,,,
https://www.release.ie/,Past offenders,Ireland,,,,,,,,
https://www.iasio.ie/,Past offenders,Ireland,,,,,,,,
http://careafterprison.ie/,Past offenders,Ireland,,,,,,,,
https://www.tuuohomai.org.nz/,Past offenders,New Zealand,Redirect,,,,,,,
,,,,,,,,,,
,,,,,,,,,,
,,,,,,,,,,
,,,,,,,,,,
,,,,,,,,,,
,,,,,,,,,,
,,,,,,,,,,
,,,,,,,,,,
,,,,,,,,,,
,,,,,,,,,,
,,,,,,,,,,
,,,,,,,,,,
,,,,,,,,,,
,,,,,,,,,,
,,,,,,,,,,
,,,,,,,,,,
,,,,,,,,,,
,,,,,,,,,,
,,,,,,,,,,
https://www.victimsupport.org.uk/,Victims,UK,Redirect,Redirect,,,,,,
https://www.stophateuk.org/,Victims,UK,,,,,,,,
https://www.lighthousevictimcare.org/,Victims,UK,Redirect,Redirect,,,,,,
https://www.crimevictimshelpline.ie/,Victims,Ireland,Redirect,Redirect,,,,,,
https://www.victimsupportni.com/,Victims,Ireland,Redirect,,,,,,,
https://www.vsac.ie/,Victims,Ireland,,,,,,,,
https://victimsupport.org.nz/,Victims,New Zealand,,,,,,,,
https://victimsinfo.govt.nz/,Victims,New Zealand,Redirect,Redirect,,,,,,
https://victimconnect.org/,Victims,USA,Redirect,Redirect,,,,,,
https://www.justice.govt.nz/,Victims,New Zealand,,,,,,,,
https://rjwaitakere.org.nz/,Victims,New Zealand,,,,,,,,
,Victims,,,,,,,,,
,Victims,,,,,,,,,
,Victims,,,,,,,,,
,Victims,,,,,,,,,
,,,,,,,,,,
,,,,,,,,,,
,,,,,,,,,,
,,,,,,,,,,
,,,,,,,,,,
,,,,,,,,,,
,,,,,,,,,,
,,,,,,,,,,
,,,,,,,,,,
,,,,,,,,,,
,,,,,,,,,,
https://www.derbyshire.police.uk/,Police,UK,Redirect,Redirect,,,,,,
https://www.gwent.police.uk/,Police,UK,Redirect,Redirect,,,,,,
https://www.garda.ie/en/,Police,Ireland,,,,,,,,
,,,,,,,,,,
,,,,,,,,,,
,,,,,,,,,,
,,,,,,,,,,
,,,,,,,,,,
,,,,,,,,,,
,,,,,,,,,,
,,,,,,,,,,
,,,,,,,,,,
,,,,,,,,,,
,,,,,,,,,,
,,,,,,,,,,
,,,,,,,,,,
,,,,,,,,,,
,,,,,,,,,,
,,,,,,,,,,
,,,,,,,,,,
,,,,,,,,,,
,,,,,,,,,,
,,,,,,,,,,
https://www.missingpeople.org.uk/,Missing people,UK,,,,,,,,
,,,,,,,,,,
,,,,,,,,,,
,,,,,,,,,,
,,,,,,,,,,
,,,,,,,,,,
,,,,,,,,,,
,,,,,,,,,,
,,,,,,,,,,
,,,,,,,,,,
,,,,,,,,,,
,,,,,,,,,,
,,,,,,,,,,
,,,,,,,,,,
,,,,,,,,,,
,,,,,,,,,,
,,,,,,,,,,
,,,,,,,,,,
,,,,,,,,,,
,,,,,,,,,,
,,,,,,,,,,
https://www.veteransgateway.org.uk/,Veterans,UK,,,,,,,,
https://advice.scot/,Legal Advice,UK,,,,,,,,
https://www.citizensadvice-stroudandcotswold.org.uk/,Legal Advice,UK,,,,,,,,
https://www.hertshelp.net/,Legal Advice,UK,,,,,,,,
https://www.flac.ie/,Legal Advice,Ireland,,,,,,,,
https://www.businessdebtline.org/,Money advice,UK,,,,,,,,
https://www.nationaldebtline.org/,Money advice,UK,,,,,,,,Near clone of ^
https://mabs.ie/,Money advice,Ireland,,,,,,,,
https://www.stepchange.org/,Money advice,UK,,,,,,,,
https://www.turn2us.org.uk/,Money advice,UK,,,,,,,,
https://www.bwcharity.org.uk/,Industry,UK,,,,,,,,Category: support (ambiguous) for people working/worked in certain industries
https://www.groceryaid.org.uk/,Industry,UK,,,,,,,,
https://www.hospitalityaction.org.uk/,Industry,UK,,,,,,,,
https://www.seafarerswelfare.org/,Industry,UK,,,,,,,,
https://www.lawcare.org.uk/,Industry,UK,,,,,,,,
https://www.lawsociety.org.nz/,Industry,New Zealand,,,,,,,,
https://communitylaw.org.nz/,Industry,New Zealand,,,,,,,,
https://www.licensedtradecharity.org.uk/,Industry,UK,,,,,,,,
https://musicsupport.org/,Industry,UK,,,,,,,,
https://nabs.org.uk/,Industry,UK,,,,,,,,
https://www.nurselifeline.org.uk/,Industry,UK,,,,,,,,
https://www.retailtrust.org.uk/,Industry,UK,,,,,,,,
https://www.ruralsupport.org.uk/,Industry,UK,,,,,,,,
https://www.ssafa.org.uk/,Industry,UK,,,,,,,,
https://fcn.org.uk/,Industry,UK,,,,,,,,
https://www.theprintingcharity.org.uk/,Industry,UK,,,,,,,,
https://www.britishlegion.org.uk/,Industry,UK,,,,,,,,
https://www.acas.org.uk/,Industry,UK,,,,,,,,
https://studentspace.org.uk/,student support,UK,,,,,,,,
https://usi.ie/,student support,Ireland,,,,,,,,
https://hoardinguk.org/,hoarding,UK,,,,,,,,
https://www.netsafe.org.nz/,Online safety,New Zealand,,,,,,,,